,Id,Sold Fast,pred_sale_status
0,1461,SoldSlow,SoldFast
1,1462,SoldSlow,SoldFast
2,1463,SoldSlow,SoldSlow
3,1464,SoldSlow,SoldSlow
4,1465,SoldSlow,SoldFast
5,1466,SoldSlow,SoldSlow
6,1467,SoldSlow,SoldFast
7,1468,SoldSlow,SoldSlow
8,1469,SoldSlow,SoldFast
9,1470,SoldSlow,SoldFast
10,1471,SoldSlow,SoldFast
11,1472,SoldSlow,SoldSlow
12,1473,SoldSlow,SoldSlow
13,1474,SoldSlow,SoldSlow
14,1475,SoldSlow,SoldFast
15,1476,SoldSlow,SoldFast
16,1477,SoldSlow,SoldFast
17,1478,SoldSlow,SoldFast
18,1479,SoldSlow,SoldFast
19,1480,SoldSlow,SoldFast
20,1481,SoldSlow,SoldFast
21,1482,SoldSlow,SoldFast
22,1483,SoldSlow,SoldFast
23,1484,SoldSlow,SoldFast
24,1485,SoldSlow,SoldFast
25,1486,SoldSlow,SoldSlow
26,1487,SoldSlow,SoldSlow
27,1488,SoldSlow,SoldFast
28,1489,SoldSlow,SoldFast
29,1490,SoldSlow,SoldFast
30,1491,SoldSlow,SoldSlow
31,1492,SoldSlow,SoldFast
32,1493,SoldSlow,SoldFast
33,1494,SoldSlow,SoldSlow
34,1495,SoldSlow,SoldSlow
35,1496,SoldSlow,SoldFast
36,1497,SoldSlow,SoldSlow
37,1498,SoldSlow,SoldSlow
38,1499,SoldSlow,SoldFast
39,1500,SoldSlow,SoldSlow
40,1501,SoldSlow,SoldSlow
41,1502,SoldSlow,SoldFast
42,1503,SoldSlow,SoldFast
43,1504,SoldSlow,SoldFast
44,1505,SoldSlow,SoldFast
45,1506,SoldSlow,SoldFast
46,1507,SoldSlow,SoldSlow
47,1508,SoldSlow,SoldFast
48,1509,SoldSlow,SoldSlow
49,1510,SoldSlow,SoldFast
50,1511,SoldSlow,SoldFast
51,1512,SoldSlow,SoldFast
52,1513,SoldSlow,SoldSlow
53,1514,SoldSlow,SoldSlow
54,1515,SoldSlow,SoldSlow
55,1516,SoldSlow,SoldSlow
56,1517,SoldSlow,SoldFast
57,1518,SoldSlow,SoldFast
58,1519,SoldSlow,SoldFast
59,1520,SoldSlow,SoldFast
60,1521,SoldSlow,SoldFast
61,1522,SoldSlow,SoldFast
62,1523,SoldSlow,SoldSlow
63,1524,SoldSlow,SoldFast
64,1525,SoldSlow,SoldFast
65,1526,SoldSlow,SoldFast
66,1527,SoldSlow,SoldSlow
67,1528,SoldSlow,SoldSlow
68,1529,SoldSlow,SoldFast
69,1530,SoldSlow,SoldFast
70,1531,SoldSlow,SoldSlow
71,1532,SoldSlow,SoldFast
72,1533,SoldSlow,SoldSlow
73,1534,SoldSlow,SoldSlow
74,1535,SoldSlow,SoldSlow
75,1536,SoldSlow,SoldSlow
76,1537,SoldSlow,SoldSlow
77,1538,SoldSlow,SoldSlow
78,1539,SoldSlow,SoldSlow
79,1540,SoldSlow,SoldSlow
80,1541,SoldSlow,SoldSlow
81,1542,SoldSlow,SoldSlow
82,1543,SoldSlow,SoldFast
83,1544,SoldSlow,SoldSlow
84,1545,SoldSlow,SoldSlow
85,1546,SoldSlow,SoldSlow
86,1547,SoldSlow,SoldSlow
87,1548,SoldSlow,SoldSlow
88,1549,SoldSlow,SoldSlow
89,1550,SoldSlow,SoldSlow
90,1551,SoldSlow,SoldFast
91,1552,SoldSlow,SoldSlow
92,1553,SoldSlow,SoldSlow
93,1554,SoldSlow,SoldSlow
94,1555,SoldSlow,SoldSlow
95,1556,SoldSlow,SoldSlow
96,1557,SoldSlow,SoldSlow
97,1558,SoldSlow,SoldFast
98,1559,SoldSlow,SoldSlow
99,1560,SoldSlow,SoldSlow
100,1561,SoldSlow,SoldSlow
101,1562,SoldSlow,SoldSlow
102,1563,SoldSlow,SoldSlow
103,1564,SoldSlow,SoldSlow
104,1565,SoldSlow,SoldSlow
105,1566,SoldSlow,SoldFast
106,1567,SoldSlow,SoldSlow
107,1568,SoldSlow,SoldSlow
108,1569,SoldSlow,SoldSlow
109,1570,SoldSlow,SoldFast
110,1571,SoldSlow,SoldSlow
111,1572,SoldSlow,SoldFast
112,1573,SoldSlow,SoldFast
113,1574,SoldSlow,SoldFast
114,1575,SoldSlow,SoldFast
115,1576,SoldSlow,SoldSlow
116,1577,SoldSlow,SoldFast
117,1578,SoldSlow,SoldSlow
118,1579,SoldSlow,SoldSlow
119,1580,SoldSlow,SoldFast
120,1581,SoldSlow,SoldFast
121,1582,SoldSlow,SoldFast
122,1583,SoldSlow,SoldFast
123,1584,SoldSlow,SoldSlow
124,1585,SoldSlow,SoldFast
125,1586,SoldSlow,SoldSlow
126,1587,SoldSlow,SoldFast
127,1588,SoldSlow,SoldFast
128,1589,SoldSlow,SoldSlow
129,1590,SoldSlow,SoldFast
130,1591,SoldSlow,SoldSlow
131,1592,SoldSlow,SoldSlow
132,1593,SoldSlow,SoldFast
133,1594,SoldSlow,SoldSlow
134,1595,SoldSlow,SoldSlow
135,1596,SoldSlow,SoldSlow
136,1597,SoldSlow,SoldSlow
137,1598,SoldSlow,SoldFast
138,1599,SoldSlow,SoldFast
139,1600,SoldSlow,SoldFast
140,1601,SoldSlow,SoldSlow
141,1602,SoldSlow,SoldSlow
142,1603,SoldSlow,SoldSlow
143,1604,SoldSlow,SoldFast
144,1605,SoldSlow,SoldFast
145,1606,SoldSlow,SoldFast
146,1607,SoldSlow,SoldFast
147,1608,SoldSlow,SoldFast
148,1609,SoldSlow,SoldFast
149,1610,SoldSlow,SoldSlow
150,1611,SoldSlow,SoldSlow
151,1612,SoldSlow,SoldFast
152,1613,SoldSlow,SoldFast
153,1614,SoldSlow,SoldFast
154,1615,SoldSlow,SoldSlow
155,1616,SoldSlow,SoldSlow
156,1617,SoldSlow,SoldSlow
157,1618,SoldSlow,SoldFast
158,1619,SoldSlow,SoldFast
159,1620,SoldSlow,SoldSlow
160,1621,SoldSlow,SoldSlow
161,1622,SoldSlow,SoldSlow
162,1623,SoldSlow,SoldFast
163,1624,SoldSlow,SoldSlow
164,1625,SoldSlow,SoldFast
165,1626,SoldSlow,SoldFast
166,1627,SoldSlow,SoldSlow
167,1628,SoldSlow,SoldSlow
168,1629,SoldSlow,SoldFast
169,1630,SoldSlow,SoldFast
170,1631,SoldSlow,SoldFast
171,1632,SoldSlow,SoldFast
172,1633,SoldSlow,SoldFast
173,1634,SoldSlow,SoldSlow
174,1635,SoldSlow,SoldSlow
175,1636,SoldSlow,SoldFast
176,1637,SoldSlow,SoldSlow
177,1638,SoldSlow,SoldSlow
178,1639,SoldSlow,SoldFast
179,1640,SoldSlow,SoldSlow
180,1641,SoldSlow,SoldFast
181,1642,SoldSlow,SoldFast
182,1643,SoldSlow,SoldFast
183,1644,SoldSlow,SoldFast
184,1645,SoldSlow,SoldFast
185,1646,SoldSlow,SoldFast
186,1647,SoldSlow,SoldFast
187,1648,SoldSlow,SoldFast
188,1649,SoldSlow,SoldFast
189,1650,SoldSlow,SoldSlow
190,1651,SoldSlow,SoldSlow
191,1652,SoldSlow,SoldSlow
192,1653,SoldSlow,SoldSlow
193,1654,SoldSlow,SoldSlow
194,1655,SoldSlow,SoldFast
195,1656,SoldSlow,SoldSlow
196,1657,SoldSlow,SoldSlow
197,1658,SoldSlow,SoldSlow
198,1659,SoldSlow,SoldFast
199,1660,SoldSlow,SoldFast
200,1661,SoldSlow,SoldSlow
201,1662,SoldSlow,SoldFast
202,1663,SoldSlow,SoldFast
203,1664,SoldSlow,SoldFast
204,1665,SoldSlow,SoldFast
205,1666,SoldSlow,SoldFast
206,1667,SoldSlow,SoldSlow
207,1668,SoldSlow,SoldFast
208,1669,SoldSlow,SoldFast
209,1670,SoldSlow,SoldFast
210,1671,SoldSlow,SoldFast
211,1672,SoldSlow,SoldFast
212,1673,SoldSlow,SoldSlow
213,1674,SoldSlow,SoldFast
214,1675,SoldSlow,SoldFast
215,1676,SoldSlow,SoldFast
216,1677,SoldSlow,SoldFast
217,1678,SoldSlow,SoldFast
218,1679,SoldSlow,SoldFast
219,1680,SoldSlow,SoldFast
220,1681,SoldSlow,SoldFast
221,1682,SoldSlow,SoldFast
222,1683,SoldSlow,SoldFast
223,1684,SoldSlow,SoldFast
224,1685,SoldSlow,SoldSlow
225,1686,SoldSlow,SoldFast
226,1687,SoldSlow,SoldFast
227,1688,SoldSlow,SoldSlow
228,1689,SoldSlow,SoldFast
229,1690,SoldSlow,SoldFast
230,1691,SoldSlow,SoldFast
231,1692,SoldSlow,SoldSlow
232,1693,SoldSlow,SoldFast
233,1694,SoldSlow,SoldSlow
234,1695,SoldSlow,SoldFast
235,1696,SoldSlow,SoldSlow
236,1697,SoldSlow,SoldFast
237,1698,SoldSlow,SoldSlow
238,1699,SoldSlow,SoldFast
239,1700,SoldSlow,SoldSlow
240,1701,SoldSlow,SoldSlow
241,1702,SoldSlow,SoldFast
242,1703,SoldSlow,SoldFast
243,1704,SoldSlow,SoldFast
244,1705,SoldSlow,SoldFast
245,1706,SoldSlow,SoldFast
246,1707,SoldSlow,SoldFast
247,1708,SoldSlow,SoldFast
248,1709,SoldSlow,SoldFast
249,1710,SoldSlow,SoldFast
250,1711,SoldSlow,SoldFast
251,1712,SoldSlow,SoldFast
252,1713,SoldSlow,SoldFast
253,1714,SoldSlow,SoldFast
254,1715,SoldSlow,SoldFast
255,1716,SoldSlow,SoldFast
256,1717,SoldSlow,SoldFast
257,1718,SoldSlow,SoldFast
258,1719,SoldSlow,SoldSlow
259,1720,SoldSlow,SoldFast
260,1721,SoldSlow,SoldFast
261,1722,SoldSlow,SoldFast
262,1723,SoldSlow,SoldFast
263,1724,SoldSlow,SoldFast
264,1725,SoldSlow,SoldSlow
265,1726,SoldSlow,SoldSlow
266,1727,SoldSlow,SoldFast
267,1728,SoldSlow,SoldFast
268,1729,SoldSlow,SoldSlow
269,1730,SoldSlow,SoldSlow
270,1731,SoldSlow,SoldSlow
271,1732,SoldSlow,SoldFast
272,1733,SoldSlow,SoldFast
273,1734,SoldSlow,SoldFast
274,1735,SoldSlow,SoldFast
275,1736,SoldSlow,SoldFast
276,1737,SoldSlow,SoldFast
277,1738,SoldSlow,SoldSlow
278,1739,SoldSlow,SoldSlow
279,1740,SoldSlow,SoldFast
280,1741,SoldSlow,SoldFast
281,1742,SoldSlow,SoldSlow
282,1743,SoldSlow,SoldSlow
283,1744,SoldSlow,SoldFast
284,1745,SoldSlow,SoldFast
285,1746,SoldSlow,SoldSlow
286,1747,SoldSlow,SoldSlow
287,1748,SoldSlow,SoldSlow
288,1749,SoldSlow,SoldFast
289,1750,SoldSlow,SoldFast
290,1751,SoldSlow,SoldSlow
291,1752,SoldSlow,SoldFast
292,1753,SoldSlow,SoldSlow
293,1754,SoldSlow,SoldSlow
294,1755,SoldSlow,SoldFast
295,1756,SoldSlow,SoldSlow
296,1757,SoldSlow,SoldSlow
297,1758,SoldSlow,SoldFast
298,1759,SoldSlow,SoldSlow
299,1760,SoldSlow,SoldFast
300,1761,SoldSlow,SoldFast
301,1762,SoldSlow,SoldSlow
302,1763,SoldSlow,SoldSlow
303,1764,SoldSlow,SoldFast
304,1765,SoldSlow,SoldFast
305,1766,SoldSlow,SoldFast
306,1767,SoldSlow,SoldFast
307,1768,SoldSlow,SoldFast
308,1769,SoldSlow,SoldFast
309,1770,SoldSlow,SoldFast
310,1771,SoldSlow,SoldFast
311,1772,SoldSlow,SoldFast
312,1773,SoldSlow,SoldSlow
313,1774,SoldSlow,SoldSlow
314,1775,SoldSlow,SoldFast
315,1776,SoldSlow,SoldSlow
316,1777,SoldSlow,SoldFast
317,1778,SoldSlow,SoldSlow
318,1779,SoldSlow,SoldSlow
319,1780,SoldSlow,SoldSlow
320,1781,SoldSlow,SoldFast
321,1782,SoldSlow,SoldSlow
322,1783,SoldSlow,SoldSlow
323,1784,SoldSlow,SoldSlow
324,1785,SoldSlow,SoldFast
325,1786,SoldSlow,SoldSlow
326,1787,SoldSlow,SoldSlow
327,1788,SoldSlow,SoldSlow
328,1789,SoldSlow,SoldFast
329,1790,SoldSlow,SoldSlow
330,1791,SoldSlow,SoldSlow
331,1792,SoldSlow,SoldFast
332,1793,SoldSlow,SoldFast
333,1794,SoldSlow,SoldFast
334,1795,SoldSlow,SoldSlow
335,1796,SoldSlow,SoldFast
336,1797,SoldSlow,SoldSlow
337,1798,SoldSlow,SoldFast
338,1799,SoldSlow,SoldFast
339,1800,SoldSlow,SoldFast
340,1801,SoldSlow,SoldSlow
341,1802,SoldSlow,SoldSlow
342,1803,SoldSlow,SoldSlow
343,1804,SoldSlow,SoldSlow
344,1805,SoldSlow,SoldFast
345,1806,SoldSlow,SoldSlow
346,1807,SoldSlow,SoldSlow
347,1808,SoldSlow,SoldSlow
348,1809,SoldSlow,SoldSlow
349,1810,SoldSlow,SoldSlow
350,1811,SoldSlow,SoldSlow
351,1812,SoldSlow,SoldSlow
352,1813,SoldSlow,SoldSlow
353,1814,SoldSlow,SoldSlow
354,1815,SoldSlow,SoldSlow
355,1816,SoldSlow,SoldFast
356,1817,SoldSlow,SoldSlow
357,1818,SoldSlow,SoldSlow
358,1819,SoldSlow,SoldSlow
359,1820,SoldSlow,SoldFast
360,1821,SoldSlow,SoldSlow
361,1822,SoldSlow,SoldSlow
362,1823,SoldSlow,SoldSlow
363,1824,SoldSlow,SoldFast
364,1825,SoldSlow,SoldSlow
365,1826,SoldSlow,SoldSlow
366,1827,SoldSlow,SoldSlow
367,1828,SoldSlow,SoldSlow
368,1829,SoldSlow,SoldSlow
369,1830,SoldSlow,SoldSlow
370,1831,SoldSlow,SoldSlow
371,1832,SoldSlow,SoldSlow
372,1833,SoldSlow,SoldSlow
373,1834,SoldSlow,SoldSlow
374,1835,SoldSlow,SoldFast
375,1836,SoldSlow,SoldSlow
376,1837,SoldSlow,SoldSlow
377,1838,SoldSlow,SoldSlow
378,1839,SoldSlow,SoldSlow
379,1840,SoldSlow,SoldFast
380,1841,SoldSlow,SoldSlow
381,1842,SoldSlow,SoldSlow
382,1843,SoldSlow,SoldSlow
383,1844,SoldSlow,SoldSlow
384,1845,SoldSlow,SoldSlow
385,1846,SoldSlow,SoldFast
386,1847,SoldSlow,SoldSlow
387,1848,SoldSlow,SoldSlow
388,1849,SoldSlow,SoldSlow
389,1850,SoldSlow,SoldSlow
390,1851,SoldSlow,SoldSlow
391,1852,SoldSlow,SoldFast
392,1853,SoldSlow,SoldFast
393,1854,SoldSlow,SoldFast
394,1855,SoldSlow,SoldFast
395,1856,SoldSlow,SoldFast
396,1857,SoldSlow,SoldSlow
397,1858,SoldSlow,SoldSlow
398,1859,SoldSlow,SoldFast
399,1860,SoldSlow,SoldSlow
400,1861,SoldSlow,SoldFast
401,1862,SoldSlow,SoldSlow
402,1863,SoldSlow,SoldSlow
403,1864,SoldSlow,SoldSlow
404,1865,SoldSlow,SoldFast
405,1866,SoldSlow,SoldFast
406,1867,SoldSlow,SoldFast
407,1868,SoldSlow,SoldFast
408,1869,SoldSlow,SoldFast
409,1870,SoldSlow,SoldFast
410,1871,SoldSlow,SoldFast
411,1872,SoldSlow,SoldSlow
412,1873,SoldSlow,SoldSlow
413,1874,SoldSlow,SoldFast
414,1875,SoldSlow,SoldFast
415,1876,SoldSlow,SoldSlow
416,1877,SoldSlow,SoldFast
417,1878,SoldSlow,SoldFast
418,1879,SoldSlow,SoldFast
419,1880,SoldSlow,SoldFast
420,1881,SoldSlow,SoldFast
421,1882,SoldSlow,SoldSlow
422,1883,SoldSlow,SoldFast
423,1884,SoldSlow,SoldFast
424,1885,SoldSlow,SoldFast
425,1886,SoldSlow,SoldFast
426,1887,SoldSlow,SoldFast
427,1888,SoldSlow,SoldFast
428,1889,SoldSlow,SoldSlow
429,1890,SoldSlow,SoldSlow
430,1891,SoldSlow,SoldSlow
431,1892,SoldSlow,SoldSlow
432,1893,SoldSlow,SoldFast
433,1894,SoldSlow,SoldSlow
434,1895,SoldSlow,SoldSlow
435,1896,SoldSlow,SoldSlow
436,1897,SoldSlow,SoldSlow
437,1898,SoldSlow,SoldSlow
438,1899,SoldSlow,SoldFast
439,1900,SoldSlow,SoldSlow
440,1901,SoldSlow,SoldSlow
441,1902,SoldSlow,SoldFast
442,1903,SoldSlow,SoldFast
443,1904,SoldSlow,SoldFast
444,1905,SoldSlow,SoldFast
445,1906,SoldSlow,SoldSlow
446,1907,SoldSlow,SoldFast
447,1908,SoldSlow,SoldSlow
448,1909,SoldSlow,SoldSlow
449,1910,SoldSlow,SoldSlow
450,1911,SoldSlow,SoldSlow
451,1912,SoldSlow,SoldFast
452,1913,SoldSlow,SoldSlow
453,1914,SoldSlow,SoldSlow
454,1915,SoldSlow,SoldFast
455,1916,SoldSlow,SoldSlow
456,1917,SoldSlow,SoldFast
457,1918,SoldSlow,SoldFast
458,1919,SoldSlow,SoldFast
459,1920,SoldSlow,SoldSlow
460,1921,SoldSlow,SoldFast
461,1922,SoldSlow,SoldFast
462,1923,SoldSlow,SoldSlow
463,1924,SoldSlow,SoldFast
464,1925,SoldSlow,SoldSlow
465,1926,SoldSlow,SoldFast
466,1927,SoldSlow,SoldFast
467,1928,SoldSlow,SoldSlow
468,1929,SoldSlow,SoldSlow
469,1930,SoldSlow,SoldFast
470,1931,SoldSlow,SoldSlow
471,1932,SoldSlow,SoldSlow
472,1933,SoldSlow,SoldSlow
473,1934,SoldSlow,SoldSlow
474,1935,SoldSlow,SoldSlow
475,1936,SoldSlow,SoldSlow
476,1937,SoldSlow,SoldSlow
477,1938,SoldSlow,SoldFast
478,1939,SoldSlow,SoldFast
479,1940,SoldSlow,SoldFast
480,1941,SoldSlow,SoldSlow
481,1942,SoldSlow,SoldSlow
482,1943,SoldSlow,SoldFast
483,1944,SoldSlow,SoldSlow
484,1945,SoldSlow,SoldFast
485,1946,SoldSlow,SoldFast
486,1947,SoldSlow,SoldFast
487,1948,SoldSlow,SoldFast
488,1949,SoldSlow,SoldFast
489,1950,SoldSlow,SoldFast
490,1951,SoldSlow,SoldFast
491,1952,SoldSlow,SoldFast
492,1953,SoldSlow,SoldFast
493,1954,SoldSlow,SoldSlow
494,1955,SoldSlow,SoldSlow
495,1956,SoldSlow,SoldSlow
496,1957,SoldSlow,SoldFast
497,1958,SoldSlow,SoldSlow
498,1959,SoldSlow,SoldSlow
499,1960,SoldSlow,SoldSlow
500,1961,SoldSlow,SoldSlow
501,1962,SoldSlow,SoldSlow
502,1963,SoldSlow,SoldSlow
503,1964,SoldSlow,SoldSlow
504,1965,SoldSlow,SoldSlow
505,1966,SoldSlow,SoldFast
506,1967,SoldSlow,SoldFast
507,1968,SoldSlow,SoldFast
508,1969,SoldSlow,SoldFast
509,1970,SoldSlow,SoldSlow
510,1971,SoldSlow,SoldSlow
511,1972,SoldSlow,SoldFast
512,1973,SoldSlow,SoldSlow
513,1974,SoldSlow,SoldSlow
514,1975,SoldSlow,SoldFast
515,1976,SoldSlow,SoldFast
516,1977,SoldSlow,SoldSlow
517,1978,SoldSlow,SoldSlow
518,1979,SoldSlow,SoldFast
519,1980,SoldSlow,SoldFast
520,1981,SoldSlow,SoldFast
521,1982,SoldSlow,SoldFast
522,1983,SoldSlow,SoldFast
523,1984,SoldSlow,SoldFast
524,1985,SoldSlow,SoldFast
525,1986,SoldSlow,SoldFast
526,1987,SoldSlow,SoldFast
527,1988,SoldSlow,SoldSlow
528,1989,SoldSlow,SoldSlow
529,1990,SoldSlow,SoldSlow
530,1991,SoldSlow,SoldFast
531,1992,SoldSlow,SoldSlow
532,1993,SoldSlow,SoldFast
533,1994,SoldSlow,SoldSlow
534,1995,SoldSlow,SoldSlow
535,1996,SoldSlow,SoldSlow
536,1997,SoldSlow,SoldFast
537,1998,SoldSlow,SoldFast
538,1999,SoldSlow,SoldSlow
539,2000,SoldSlow,SoldSlow
540,2001,SoldSlow,SoldSlow
541,2002,SoldSlow,SoldFast
542,2003,SoldSlow,SoldFast
543,2004,SoldSlow,SoldSlow
544,2005,SoldSlow,SoldFast
545,2006,SoldSlow,SoldFast
546,2007,SoldSlow,SoldFast
547,2008,SoldSlow,SoldFast
548,2009,SoldSlow,SoldSlow
549,2010,SoldSlow,SoldSlow
550,2011,SoldSlow,SoldFast
551,2012,SoldSlow,SoldFast
552,2013,SoldSlow,SoldSlow
553,2014,SoldSlow,SoldSlow
554,2015,SoldSlow,SoldSlow
555,2016,SoldSlow,SoldSlow
556,2017,SoldSlow,SoldSlow
557,2018,SoldSlow,SoldFast
558,2019,SoldSlow,SoldFast
559,2020,SoldSlow,SoldFast
560,2021,SoldSlow,SoldSlow
561,2022,SoldSlow,SoldFast
562,2023,SoldSlow,SoldSlow
563,2024,SoldSlow,SoldSlow
564,2025,SoldSlow,SoldSlow
565,2026,SoldSlow,SoldFast
566,2027,SoldSlow,SoldSlow
567,2028,SoldSlow,SoldSlow
568,2029,SoldSlow,SoldSlow
569,2030,SoldSlow,SoldFast
570,2031,SoldSlow,SoldFast
571,2032,SoldSlow,SoldFast
572,2033,SoldSlow,SoldFast
573,2034,SoldSlow,SoldFast
574,2035,SoldSlow,SoldSlow
575,2036,SoldSlow,SoldFast
576,2037,SoldSlow,SoldFast
577,2038,SoldSlow,SoldFast
578,2039,SoldSlow,SoldFast
579,2040,SoldSlow,SoldSlow
580,2041,SoldSlow,SoldFast
581,2042,SoldSlow,SoldFast
582,2043,SoldSlow,SoldFast
583,2044,SoldSlow,SoldFast
584,2045,SoldSlow,SoldFast
585,2046,SoldSlow,SoldFast
586,2047,SoldSlow,SoldSlow
587,2048,SoldSlow,SoldSlow
588,2049,SoldSlow,SoldFast
589,2050,SoldSlow,SoldSlow
590,2051,SoldSlow,SoldFast
591,2052,SoldSlow,SoldFast
592,2053,SoldSlow,SoldFast
593,2054,SoldSlow,SoldSlow
594,2055,SoldSlow,SoldFast
595,2056,SoldSlow,SoldFast
596,2057,SoldSlow,SoldFast
597,2058,SoldSlow,SoldSlow
598,2059,SoldSlow,SoldFast
599,2060,SoldSlow,SoldFast
600,2061,SoldSlow,SoldFast
601,2062,SoldSlow,SoldFast
602,2063,SoldSlow,SoldFast
603,2064,SoldSlow,SoldFast
604,2065,SoldSlow,SoldSlow
605,2066,SoldSlow,SoldFast
606,2067,SoldSlow,SoldFast
607,2068,SoldSlow,SoldFast
608,2069,SoldSlow,SoldSlow
609,2070,SoldSlow,SoldSlow
610,2071,SoldSlow,SoldSlow
611,2072,SoldSlow,SoldSlow
612,2073,SoldSlow,SoldFast
613,2074,SoldSlow,SoldFast
614,2075,SoldSlow,SoldFast
615,2076,SoldSlow,SoldFast
616,2077,SoldSlow,SoldFast
617,2078,SoldSlow,SoldFast
618,2079,SoldSlow,SoldSlow
619,2080,SoldSlow,SoldFast
620,2081,SoldSlow,SoldFast
621,2082,SoldSlow,SoldFast
622,2083,SoldSlow,SoldSlow
623,2084,SoldSlow,SoldFast
624,2085,SoldSlow,SoldFast
625,2086,SoldSlow,SoldFast
626,2087,SoldSlow,SoldSlow
627,2088,SoldSlow,SoldSlow
628,2089,SoldSlow,SoldFast
629,2090,SoldSlow,SoldSlow
630,2091,SoldSlow,SoldSlow
631,2092,SoldSlow,SoldSlow
632,2093,SoldSlow,SoldSlow
633,2094,SoldSlow,SoldFast
634,2095,SoldSlow,SoldSlow
635,2096,SoldSlow,SoldSlow
636,2097,SoldSlow,SoldSlow
637,2098,SoldSlow,SoldSlow
638,2099,SoldSlow,SoldSlow
639,2100,SoldSlow,SoldSlow
640,2101,SoldSlow,SoldSlow
641,2102,SoldSlow,SoldSlow
642,2103,SoldSlow,SoldSlow
643,2104,SoldSlow,SoldSlow
644,2105,SoldSlow,SoldSlow
645,2106,SoldSlow,SoldSlow
646,2107,SoldSlow,SoldSlow
647,2108,SoldSlow,SoldFast
648,2109,SoldSlow,SoldSlow
649,2110,SoldSlow,SoldFast
650,2111,SoldSlow,SoldFast
651,2112,SoldSlow,SoldSlow
652,2113,SoldSlow,SoldSlow
653,2114,SoldSlow,SoldSlow
654,2115,SoldSlow,SoldSlow
655,2116,SoldSlow,SoldFast
656,2117,SoldSlow,SoldSlow
657,2118,SoldSlow,SoldFast
658,2119,SoldSlow,SoldFast
659,2120,SoldSlow,SoldSlow
660,2121,SoldSlow,SoldSlow
661,2122,SoldSlow,SoldSlow
662,2123,SoldSlow,SoldFast
663,2124,SoldSlow,SoldSlow
664,2125,SoldSlow,SoldSlow
665,2126,SoldSlow,SoldSlow
666,2127,SoldSlow,SoldSlow
667,2128,SoldSlow,SoldSlow
668,2129,SoldSlow,SoldFast
669,2130,SoldSlow,SoldSlow
670,2131,SoldSlow,SoldSlow
671,2132,SoldSlow,SoldSlow
672,2133,SoldSlow,SoldFast
673,2134,SoldSlow,SoldSlow
674,2135,SoldSlow,SoldFast
675,2136,SoldSlow,SoldSlow
676,2137,SoldSlow,SoldSlow
677,2138,SoldSlow,SoldSlow
678,2139,SoldSlow,SoldFast
679,2140,SoldSlow,SoldFast
680,2141,SoldSlow,SoldFast
681,2142,SoldSlow,SoldFast
682,2143,SoldSlow,SoldSlow
683,2144,SoldSlow,SoldSlow
684,2145,SoldSlow,SoldFast
685,2146,SoldSlow,SoldFast
686,2147,SoldSlow,SoldSlow
687,2148,SoldSlow,SoldSlow
688,2149,SoldSlow,SoldSlow
689,2150,SoldSlow,SoldFast
690,2151,SoldSlow,SoldFast
691,2152,SoldSlow,SoldFast
692,2153,SoldSlow,SoldSlow
693,2154,SoldSlow,SoldSlow
694,2155,SoldSlow,SoldSlow
695,2156,SoldSlow,SoldSlow
696,2157,SoldSlow,SoldFast
697,2158,SoldSlow,SoldSlow
698,2159,SoldSlow,SoldFast
699,2160,SoldSlow,SoldSlow
700,2161,SoldSlow,SoldFast
701,2162,SoldSlow,SoldFast
702,2163,SoldSlow,SoldFast
703,2164,SoldSlow,SoldFast
704,2165,SoldSlow,SoldFast
705,2166,SoldSlow,SoldFast
706,2167,SoldSlow,SoldFast
707,2168,SoldSlow,SoldSlow
708,2169,SoldSlow,SoldSlow
709,2170,SoldSlow,SoldFast
710,2171,SoldSlow,SoldFast
711,2172,SoldSlow,SoldSlow
712,2173,SoldSlow,SoldFast
713,2174,SoldSlow,SoldSlow
714,2175,SoldSlow,SoldFast
715,2176,SoldSlow,SoldFast
716,2177,SoldSlow,SoldSlow
717,2178,SoldSlow,SoldFast
718,2179,SoldSlow,SoldFast
719,2180,SoldSlow,SoldFast
720,2181,SoldSlow,SoldFast
721,2182,SoldSlow,SoldFast
722,2183,SoldSlow,SoldFast
723,2184,SoldSlow,SoldSlow
724,2185,SoldSlow,SoldSlow
725,2186,SoldSlow,SoldFast
726,2187,SoldSlow,SoldFast
727,2188,SoldSlow,SoldSlow
728,2189,SoldSlow,SoldSlow
729,2190,SoldSlow,SoldSlow
730,2191,SoldSlow,SoldSlow
731,2192,SoldSlow,SoldSlow
732,2193,SoldSlow,SoldSlow
733,2194,SoldSlow,SoldSlow
734,2195,SoldSlow,SoldFast
735,2196,SoldSlow,SoldSlow
736,2197,SoldSlow,SoldSlow
737,2198,SoldSlow,SoldFast
738,2199,SoldSlow,SoldSlow
739,2200,SoldSlow,SoldSlow
740,2201,SoldSlow,SoldSlow
741,2202,SoldSlow,SoldFast
742,2203,SoldSlow,SoldSlow
743,2204,SoldSlow,SoldSlow
744,2205,SoldSlow,SoldSlow
745,2206,SoldSlow,SoldFast
746,2207,SoldSlow,SoldSlow
747,2208,SoldSlow,SoldSlow
748,2209,SoldSlow,SoldFast
749,2210,SoldSlow,SoldSlow
750,2211,SoldSlow,SoldFast
751,2212,SoldSlow,SoldSlow
752,2213,SoldSlow,SoldSlow
753,2214,SoldSlow,SoldSlow
754,2215,SoldSlow,SoldFast
755,2216,SoldSlow,SoldSlow
756,2217,SoldSlow,SoldSlow
757,2218,SoldSlow,SoldSlow
758,2219,SoldSlow,SoldSlow
759,2220,SoldSlow,SoldSlow
760,2221,SoldSlow,SoldFast
761,2222,SoldSlow,SoldFast
762,2223,SoldSlow,SoldFast
763,2224,SoldSlow,SoldSlow
764,2225,SoldSlow,SoldSlow
765,2226,SoldSlow,SoldSlow
766,2227,SoldSlow,SoldFast
767,2228,SoldSlow,SoldFast
768,2229,SoldSlow,SoldFast
769,2230,SoldSlow,SoldSlow
770,2231,SoldSlow,SoldSlow
771,2232,SoldSlow,SoldFast
772,2233,SoldSlow,SoldFast
773,2234,SoldSlow,SoldFast
774,2235,SoldSlow,SoldFast
775,2236,SoldSlow,SoldFast
776,2237,SoldSlow,SoldFast
777,2238,SoldSlow,SoldFast
778,2239,SoldSlow,SoldFast
779,2240,SoldSlow,SoldFast
780,2241,SoldSlow,SoldSlow
781,2242,SoldSlow,SoldSlow
782,2243,SoldSlow,SoldSlow
783,2244,SoldSlow,SoldSlow
784,2245,SoldSlow,SoldSlow
785,2246,SoldSlow,SoldFast
786,2247,SoldSlow,SoldSlow
787,2248,SoldSlow,SoldFast
788,2249,SoldSlow,SoldFast
789,2250,SoldSlow,SoldFast
790,2251,SoldSlow,SoldSlow
791,2252,SoldSlow,SoldFast
792,2253,SoldSlow,SoldSlow
793,2254,SoldSlow,SoldSlow
794,2255,SoldSlow,SoldSlow
795,2256,SoldSlow,SoldSlow
796,2257,SoldSlow,SoldSlow
797,2258,SoldSlow,SoldFast
798,2259,SoldSlow,SoldSlow
799,2260,SoldSlow,SoldFast
800,2261,SoldSlow,SoldFast
801,2262,SoldSlow,SoldFast
802,2263,SoldSlow,SoldSlow
803,2264,SoldSlow,SoldFast
804,2265,NotSold,SoldFast
805,2266,NotSold,SoldFast
806,2267,NotSold,SoldFast
807,2268,NotSold,SoldFast
808,2269,NotSold,SoldFast
809,2270,NotSold,SoldSlow
810,2271,SoldFast,SoldFast
811,2272,SoldFast,SoldSlow
812,2273,SoldFast,SoldFast
813,2274,SoldFast,SoldFast
814,2275,SoldFast,SoldFast
815,2276,SoldFast,SoldFast
816,2277,SoldFast,SoldSlow
817,2278,SoldFast,SoldFast
818,2279,SoldFast,SoldFast
819,2280,SoldFast,SoldSlow
820,2281,SoldFast,SoldFast
821,2282,SoldFast,SoldFast
822,2283,SoldFast,SoldSlow
823,2284,SoldFast,SoldSlow
824,2285,SoldFast,SoldFast
825,2286,SoldFast,SoldSlow
826,2287,SoldFast,SoldFast
827,2288,SoldFast,SoldFast
828,2289,SoldFast,SoldFast
829,2290,SoldFast,SoldSlow
830,2291,SoldFast,SoldSlow
831,2292,SoldFast,SoldFast
832,2293,SoldFast,SoldFast
833,2294,SoldFast,SoldSlow
834,2295,SoldFast,SoldFast
835,2296,SoldFast,SoldSlow
836,2297,SoldFast,SoldSlow
837,2298,SoldFast,SoldFast
838,2299,SoldFast,SoldSlow
839,2300,SoldFast,SoldSlow
840,2301,SoldFast,SoldSlow
841,2302,SoldFast,SoldFast
842,2303,SoldFast,SoldFast
843,2304,SoldFast,SoldFast
844,2305,SoldFast,SoldFast
845,2306,SoldFast,SoldFast
846,2307,SoldFast,SoldFast
847,2308,SoldFast,SoldFast
848,2309,SoldFast,SoldFast
849,2310,SoldFast,SoldFast
850,2311,SoldFast,SoldFast
851,2312,SoldFast,SoldSlow
852,2313,SoldFast,SoldSlow
853,2314,SoldFast,SoldSlow
854,2315,SoldFast,SoldSlow
855,2316,SoldFast,SoldSlow
856,2317,SoldFast,SoldFast
857,2318,SoldFast,SoldSlow
858,2319,SoldFast,SoldSlow
859,2320,SoldFast,SoldFast
860,2321,SoldFast,SoldFast
861,2322,SoldFast,SoldFast
862,2323,SoldFast,SoldFast
863,2324,SoldFast,SoldFast
864,2325,SoldFast,SoldFast
865,2326,SoldFast,SoldFast
866,2327,SoldFast,SoldSlow
867,2328,SoldFast,SoldSlow
868,2329,SoldFast,SoldSlow
869,2330,SoldFast,SoldSlow
870,2331,SoldFast,SoldSlow
871,2332,SoldFast,SoldSlow
872,2333,SoldFast,SoldSlow
873,2334,SoldFast,SoldSlow
874,2335,SoldFast,SoldSlow
875,2336,SoldFast,SoldSlow
876,2337,SoldFast,SoldFast
877,2338,SoldFast,SoldFast
878,2339,SoldFast,SoldFast
879,2340,SoldFast,SoldFast
880,2341,SoldFast,SoldFast
881,2342,SoldFast,SoldFast
882,2343,SoldFast,SoldFast
883,2344,SoldFast,SoldSlow
884,2345,SoldFast,SoldFast
885,2346,SoldFast,SoldFast
886,2347,SoldFast,SoldFast
887,2348,SoldFast,SoldFast
888,2349,SoldFast,SoldSlow
889,2350,SoldFast,SoldSlow
890,2351,SoldFast,SoldFast
891,2352,SoldFast,SoldFast
892,2353,SoldFast,SoldSlow
893,2354,SoldFast,SoldFast
894,2355,SoldFast,SoldFast
895,2356,SoldFast,SoldFast
896,2357,SoldFast,SoldFast
897,2358,SoldFast,SoldSlow
898,2359,SoldFast,SoldSlow
899,2360,SoldFast,SoldFast
900,2361,SoldFast,SoldFast
901,2362,SoldFast,SoldSlow
902,2363,SoldFast,SoldFast
903,2364,SoldFast,SoldFast
904,2365,SoldFast,SoldFast
905,2366,SoldFast,SoldFast
906,2367,SoldFast,SoldFast
907,2368,SoldFast,SoldFast
908,2369,SoldFast,SoldFast
909,2370,SoldFast,SoldSlow
910,2371,SoldFast,SoldSlow
911,2372,SoldFast,SoldFast
912,2373,SoldFast,SoldSlow
913,2374,SoldFast,SoldFast
914,2375,SoldFast,SoldFast
915,2376,SoldFast,SoldFast
916,2377,SoldFast,SoldFast
917,2378,SoldFast,SoldFast
918,2379,SoldFast,SoldSlow
919,2380,SoldFast,SoldFast
920,2381,SoldFast,SoldFast
921,2382,SoldFast,SoldFast
922,2383,SoldFast,SoldFast
923,2384,SoldFast,SoldSlow
924,2385,SoldFast,SoldFast
925,2386,SoldFast,SoldFast
926,2387,SoldFast,SoldFast
927,2388,SoldFast,SoldSlow
928,2389,SoldFast,SoldSlow
929,2390,SoldFast,SoldFast
930,2391,SoldFast,SoldFast
931,2392,SoldFast,SoldSlow
932,2393,SoldFast,SoldFast
933,2394,SoldFast,SoldFast
934,2395,SoldFast,SoldSlow
935,2396,SoldFast,SoldFast
936,2397,SoldFast,SoldFast
937,2398,SoldFast,SoldFast
938,2399,SoldFast,SoldSlow
939,2400,SoldFast,SoldSlow
940,2401,SoldFast,SoldFast
941,2402,SoldFast,SoldSlow
942,2403,SoldFast,SoldFast
943,2404,SoldFast,SoldSlow
944,2405,SoldFast,SoldFast
945,2406,SoldFast,SoldFast
946,2407,SoldFast,SoldFast
947,2408,SoldFast,SoldFast
948,2409,SoldFast,SoldFast
949,2410,SoldFast,SoldFast
950,2411,SoldFast,SoldFast
951,2412,SoldFast,SoldFast
952,2413,SoldFast,SoldFast
953,2414,SoldFast,SoldFast
954,2415,SoldFast,SoldSlow
955,2416,SoldFast,SoldFast
956,2417,SoldFast,SoldFast
957,2418,SoldFast,SoldFast
958,2419,SoldFast,SoldSlow
959,2420,SoldFast,SoldFast
960,2421,SoldFast,SoldSlow
961,2422,SoldFast,SoldFast
962,2423,SoldFast,SoldSlow
963,2424,SoldFast,SoldSlow
964,2425,SoldFast,SoldSlow
965,2426,SoldFast,SoldSlow
966,2427,SoldFast,SoldSlow
967,2428,SoldFast,SoldSlow
968,2429,SoldFast,SoldFast
969,2430,SoldFast,SoldFast
970,2431,SoldFast,SoldFast
971,2432,SoldFast,SoldFast
972,2433,SoldFast,SoldFast
973,2434,SoldFast,SoldFast
974,2435,SoldFast,SoldSlow
975,2436,SoldFast,SoldFast
976,2437,SoldFast,SoldSlow
977,2438,SoldFast,SoldFast
978,2439,SoldFast,SoldFast
979,2440,SoldFast,SoldSlow
980,2441,SoldFast,SoldFast
981,2442,SoldFast,SoldFast
982,2443,SoldFast,SoldFast
983,2444,SoldFast,SoldSlow
984,2445,SoldFast,SoldSlow
985,2446,SoldFast,SoldSlow
986,2447,SoldFast,SoldSlow
987,2448,SoldFast,SoldSlow
988,2449,SoldFast,SoldSlow
989,2450,SoldFast,SoldSlow
990,2451,SoldFast,SoldSlow
991,2452,SoldFast,SoldSlow
992,2453,SoldFast,SoldSlow
993,2454,SoldFast,SoldSlow
994,2455,SoldFast,SoldFast
995,2456,SoldFast,SoldSlow
996,2457,SoldFast,SoldSlow
997,2458,SoldFast,SoldSlow
998,2459,SoldFast,SoldSlow
999,2460,SoldFast,SoldSlow
1000,2461,SoldFast,SoldSlow
1001,2462,SoldFast,SoldSlow
1002,2463,SoldFast,SoldSlow
1003,2464,SoldFast,SoldSlow
1004,2465,SoldFast,SoldSlow
1005,2466,SoldFast,SoldSlow
1006,2467,SoldFast,SoldSlow
1007,2468,SoldFast,SoldSlow
1008,2469,SoldFast,SoldSlow
1009,2470,SoldFast,SoldSlow
1010,2471,SoldFast,SoldSlow
1011,2472,SoldFast,SoldSlow
1012,2473,SoldFast,SoldSlow
1013,2474,SoldFast,SoldSlow
1014,2475,SoldFast,SoldSlow
1015,2476,SoldFast,SoldSlow
1016,2477,SoldFast,SoldSlow
1017,2478,SoldFast,SoldSlow
1018,2479,SoldFast,SoldSlow
1019,2480,SoldFast,SoldSlow
1020,2481,SoldFast,SoldFast
1021,2482,SoldFast,SoldFast
1022,2483,SoldFast,SoldFast
1023,2484,SoldFast,SoldFast
1024,2485,SoldFast,SoldFast
1025,2486,SoldFast,SoldSlow
1026,2487,SoldFast,SoldSlow
1027,2488,SoldFast,SoldFast
1028,2489,SoldFast,SoldFast
1029,2490,SoldFast,SoldSlow
1030,2491,SoldFast,SoldSlow
1031,2492,SoldFast,SoldFast
1032,2493,SoldFast,SoldSlow
1033,2494,SoldFast,SoldFast
1034,2495,SoldFast,SoldSlow
1035,2496,SoldFast,SoldSlow
1036,2497,SoldFast,SoldSlow
1037,2498,SoldFast,SoldFast
1038,2499,SoldFast,SoldSlow
1039,2500,SoldFast,SoldFast
1040,2501,SoldFast,SoldFast
1041,2502,SoldFast,SoldSlow
1042,2503,SoldFast,SoldSlow
1043,2504,SoldFast,SoldSlow
1044,2505,SoldFast,SoldSlow
1045,2506,SoldFast,SoldFast
1046,2507,SoldFast,SoldFast
1047,2508,SoldFast,SoldFast
1048,2509,SoldFast,SoldFast
1049,2510,SoldFast,SoldFast
1050,2511,SoldFast,SoldFast
1051,2512,SoldFast,SoldFast
1052,2513,SoldFast,SoldSlow
1053,2514,SoldFast,SoldFast
1054,2515,SoldFast,SoldFast
1055,2516,SoldFast,SoldSlow
1056,2517,SoldFast,SoldFast
1057,2518,SoldFast,SoldFast
1058,2519,SoldFast,SoldFast
1059,2520,SoldFast,SoldSlow
1060,2521,SoldFast,SoldFast
1061,2522,SoldFast,SoldSlow
1062,2523,SoldFast,SoldFast
1063,2524,SoldFast,SoldSlow
1064,2525,SoldFast,SoldSlow
1065,2526,SoldFast,SoldFast
1066,2527,SoldFast,SoldFast
1067,2528,SoldFast,SoldSlow
1068,2529,SoldFast,SoldFast
1069,2530,SoldFast,SoldSlow
1070,2531,SoldFast,SoldFast
1071,2532,SoldFast,SoldSlow
1072,2533,SoldFast,SoldSlow
1073,2534,SoldFast,SoldFast
1074,2535,SoldFast,SoldSlow
1075,2536,SoldFast,SoldSlow
1076,2537,SoldFast,SoldFast
1077,2538,SoldFast,SoldSlow
1078,2539,SoldFast,SoldFast
1079,2540,SoldFast,SoldFast
1080,2541,SoldFast,SoldFast
1081,2542,SoldFast,SoldSlow
1082,2543,SoldFast,SoldSlow
1083,2544,SoldFast,SoldSlow
1084,2545,SoldFast,SoldSlow
1085,2546,SoldFast,SoldFast
1086,2547,SoldFast,SoldFast
1087,2548,SoldFast,SoldSlow
1088,2549,SoldFast,SoldSlow
1089,2550,SoldFast,SoldFast
1090,2551,SoldFast,SoldSlow
1091,2552,SoldFast,SoldFast
1092,2553,SoldFast,SoldFast
1093,2554,SoldFast,SoldFast
1094,2555,SoldFast,NotSold
1095,2556,SoldFast,SoldSlow
1096,2557,SoldFast,SoldSlow
1097,2558,SoldFast,SoldSlow
1098,2559,SoldFast,SoldSlow
1099,2560,SoldFast,SoldSlow
1100,2561,SoldFast,SoldFast
1101,2562,SoldFast,SoldSlow
1102,2563,SoldFast,SoldSlow
1103,2564,SoldFast,SoldFast
1104,2565,SoldFast,SoldFast
1105,2566,SoldFast,SoldSlow
1106,2567,SoldFast,SoldSlow
1107,2568,SoldFast,SoldFast
1108,2569,SoldFast,SoldFast
1109,2570,SoldFast,SoldSlow
1110,2571,SoldFast,SoldSlow
1111,2572,SoldFast,SoldFast
1112,2573,SoldFast,SoldFast
1113,2574,SoldFast,SoldFast
1114,2575,SoldFast,SoldSlow
1115,2576,SoldFast,SoldSlow
1116,2577,SoldFast,SoldSlow
1117,2578,SoldFast,SoldFast
1118,2579,SoldFast,SoldSlow
1119,2580,SoldFast,SoldSlow
1120,2581,SoldFast,SoldSlow
1121,2582,SoldFast,SoldSlow
1122,2583,SoldFast,SoldFast
1123,2584,SoldFast,SoldFast
1124,2585,SoldFast,SoldFast
1125,2586,SoldFast,SoldFast
1126,2587,SoldFast,SoldFast
1127,2588,SoldFast,SoldFast
1128,2589,SoldFast,SoldFast
1129,2590,SoldFast,SoldFast
1130,2591,SoldFast,SoldSlow
1131,2592,SoldFast,SoldFast
1132,2593,SoldFast,SoldFast
1133,2594,SoldFast,SoldFast
1134,2595,SoldFast,SoldFast
1135,2596,SoldFast,SoldFast
1136,2597,SoldFast,SoldFast
1137,2598,SoldFast,SoldSlow
1138,2599,SoldFast,SoldFast
1139,2600,SoldFast,SoldSlow
1140,2601,SoldFast,SoldSlow
1141,2602,SoldFast,SoldSlow
1142,2603,SoldFast,SoldSlow
1143,2604,SoldFast,SoldSlow
1144,2605,SoldFast,SoldSlow
1145,2606,SoldFast,SoldSlow
1146,2607,SoldFast,SoldFast
1147,2608,SoldFast,SoldFast
1148,2609,SoldFast,SoldSlow
1149,2610,SoldFast,SoldSlow
1150,2611,SoldFast,SoldSlow
1151,2612,SoldFast,SoldFast
1152,2613,SoldFast,SoldFast
1153,2614,SoldFast,SoldFast
1154,2615,SoldFast,SoldFast
1155,2616,SoldFast,SoldFast
1156,2617,SoldFast,SoldFast
1157,2618,SoldFast,SoldFast
1158,2619,SoldFast,SoldFast
1159,2620,SoldFast,SoldSlow
1160,2621,SoldFast,SoldSlow
1161,2622,SoldFast,SoldSlow
1162,2623,SoldFast,SoldSlow
1163,2624,SoldFast,SoldSlow
1164,2625,SoldFast,SoldFast
1165,2626,SoldFast,SoldFast
1166,2627,SoldFast,SoldFast
1167,2628,SoldFast,SoldSlow
1168,2629,SoldFast,SoldSlow
1169,2630,SoldFast,SoldSlow
1170,2631,SoldFast,SoldFast
1171,2632,SoldFast,SoldSlow
1172,2633,SoldFast,SoldFast
1173,2634,SoldFast,SoldFast
1174,2635,SoldFast,SoldFast
1175,2636,SoldFast,SoldFast
1176,2637,SoldFast,SoldFast
1177,2638,SoldFast,SoldSlow
1178,2639,SoldFast,SoldSlow
1179,2640,SoldFast,SoldFast
1180,2641,SoldFast,SoldSlow
1181,2642,SoldFast,SoldFast
1182,2643,SoldFast,SoldSlow
1183,2644,SoldFast,SoldSlow
1184,2645,SoldFast,SoldSlow
1185,2646,SoldFast,SoldSlow
1186,2647,SoldFast,SoldSlow
1187,2648,SoldFast,SoldFast
1188,2649,SoldFast,SoldFast
1189,2650,SoldFast,SoldFast
1190,2651,SoldFast,SoldSlow
1191,2652,SoldFast,SoldFast
1192,2653,SoldFast,SoldFast
1193,2654,SoldFast,SoldFast
1194,2655,SoldFast,SoldFast
1195,2656,SoldFast,SoldSlow
1196,2657,SoldFast,SoldFast
1197,2658,SoldFast,SoldSlow
1198,2659,SoldFast,SoldSlow
1199,2660,SoldFast,SoldSlow
1200,2661,SoldFast,SoldFast
1201,2662,SoldFast,SoldFast
1202,2663,SoldFast,SoldFast
1203,2664,SoldFast,SoldFast
1204,2665,SoldFast,SoldFast
1205,2666,SoldFast,SoldFast
1206,2667,SoldFast,SoldSlow
1207,2668,SoldFast,SoldSlow
1208,2669,SoldFast,SoldFast
1209,2670,SoldFast,SoldSlow
1210,2671,SoldFast,SoldSlow
1211,2672,SoldFast,SoldFast
1212,2673,SoldFast,SoldFast
1213,2674,SoldFast,SoldFast
1214,2675,SoldFast,SoldFast
1215,2676,SoldFast,SoldFast
1216,2677,SoldFast,SoldSlow
1217,2678,SoldFast,SoldSlow
1218,2679,SoldFast,SoldSlow
1219,2680,SoldFast,SoldSlow
1220,2681,SoldFast,SoldSlow
1221,2682,SoldFast,SoldSlow
1222,2683,SoldFast,SoldSlow
1223,2684,SoldFast,SoldSlow
1224,2685,SoldFast,SoldSlow
1225,2686,SoldFast,SoldSlow
1226,2687,SoldFast,SoldFast
1227,2688,SoldFast,SoldFast
1228,2689,SoldFast,SoldFast
1229,2690,SoldFast,SoldFast
1230,2691,SoldFast,SoldSlow
1231,2692,SoldFast,SoldFast
1232,2693,SoldFast,SoldFast
1233,2694,SoldFast,SoldFast
1234,2695,SoldFast,SoldSlow
1235,2696,SoldFast,SoldSlow
1236,2697,SoldFast,SoldSlow
1237,2698,SoldFast,SoldSlow
1238,2699,SoldFast,SoldFast
1239,2700,SoldFast,SoldFast
1240,2701,SoldFast,SoldSlow
1241,2702,SoldFast,SoldSlow
1242,2703,SoldFast,SoldFast
1243,2704,SoldFast,SoldSlow
1244,2705,SoldFast,SoldFast
1245,2706,SoldFast,SoldFast
1246,2707,SoldFast,SoldFast
1247,2708,SoldFast,SoldFast
1248,2709,SoldFast,SoldFast
1249,2710,SoldFast,SoldFast
1250,2711,SoldFast,SoldFast
1251,2712,SoldFast,SoldSlow
1252,2713,SoldFast,SoldFast
1253,2714,SoldFast,SoldFast
1254,2715,SoldFast,SoldSlow
1255,2716,SoldFast,SoldFast
1256,2717,SoldFast,SoldSlow
1257,2718,SoldFast,SoldFast
1258,2719,SoldFast,SoldFast
1259,2720,SoldFast,SoldFast
1260,2721,SoldFast,SoldFast
1261,2722,SoldFast,SoldSlow
1262,2723,SoldFast,SoldFast
1263,2724,SoldFast,SoldFast
1264,2725,SoldFast,SoldFast
1265,2726,SoldFast,SoldSlow
1266,2727,SoldFast,SoldFast
1267,2728,SoldFast,SoldFast
1268,2729,SoldFast,SoldSlow
1269,2730,SoldFast,SoldSlow
1270,2731,SoldFast,SoldFast
1271,2732,SoldFast,SoldSlow
1272,2733,SoldFast,SoldFast
1273,2734,SoldFast,SoldFast
1274,2735,SoldFast,SoldFast
1275,2736,SoldFast,SoldSlow
1276,2737,SoldFast,SoldFast
1277,2738,SoldFast,SoldFast
1278,2739,SoldFast,SoldFast
1279,2740,SoldFast,SoldFast
1280,2741,SoldFast,SoldFast
1281,2742,SoldFast,SoldFast
1282,2743,SoldFast,SoldSlow
1283,2744,SoldFast,SoldFast
1284,2745,SoldFast,SoldFast
1285,2746,SoldFast,SoldFast
1286,2747,SoldFast,SoldFast
1287,2748,SoldFast,SoldSlow
1288,2749,SoldFast,SoldSlow
1289,2750,SoldFast,SoldFast
1290,2751,SoldFast,SoldFast
1291,2752,SoldFast,SoldFast
1292,2753,SoldFast,SoldSlow
1293,2754,SoldFast,SoldSlow
1294,2755,SoldFast,SoldSlow
1295,2756,SoldFast,SoldSlow
1296,2757,SoldFast,SoldSlow
1297,2758,SoldFast,SoldSlow
1298,2759,SoldFast,SoldSlow
1299,2760,SoldFast,SoldSlow
1300,2761,SoldFast,SoldFast
1301,2762,SoldFast,SoldFast
1302,2763,SoldFast,SoldFast
1303,2764,SoldFast,SoldFast
1304,2765,SoldFast,SoldSlow
1305,2766,SoldFast,SoldSlow
1306,2767,SoldFast,SoldSlow
1307,2768,SoldFast,SoldSlow
1308,2769,SoldFast,SoldFast
1309,2770,SoldFast,SoldFast
1310,2771,SoldFast,SoldFast
1311,2772,SoldFast,SoldSlow
1312,2773,SoldFast,SoldSlow
1313,2774,SoldFast,SoldSlow
1314,2775,SoldFast,SoldSlow
1315,2776,SoldFast,SoldSlow
1316,2777,SoldFast,SoldSlow
1317,2778,SoldFast,SoldSlow
1318,2779,SoldFast,SoldSlow
1319,2780,SoldFast,SoldFast
1320,2781,SoldFast,SoldFast
1321,2782,SoldFast,SoldFast
1322,2783,SoldFast,SoldSlow
1323,2784,SoldFast,SoldSlow
1324,2785,SoldFast,SoldSlow
1325,2786,SoldFast,SoldSlow
1326,2787,SoldFast,SoldSlow
1327,2788,SoldFast,SoldSlow
1328,2789,SoldFast,SoldFast
1329,2790,SoldFast,SoldSlow
1330,2791,SoldFast,SoldSlow
1331,2792,SoldFast,SoldSlow
1332,2793,SoldFast,SoldSlow
1333,2794,SoldFast,SoldSlow
1334,2795,SoldFast,SoldSlow
1335,2796,SoldFast,SoldFast
1336,2797,SoldFast,SoldSlow
1337,2798,SoldFast,SoldSlow
1338,2799,SoldFast,SoldSlow
1339,2800,SoldFast,SoldFast
1340,2801,SoldFast,SoldFast
1341,2802,SoldFast,SoldSlow
1342,2803,SoldFast,SoldFast
1343,2804,SoldFast,SoldFast
1344,2805,SoldFast,SoldFast
1345,2806,SoldFast,SoldFast
1346,2807,SoldFast,SoldFast
1347,2808,SoldFast,SoldSlow
1348,2809,SoldFast,SoldFast
1349,2810,SoldFast,SoldFast
1350,2811,SoldFast,SoldFast
1351,2812,SoldFast,SoldSlow
1352,2813,SoldFast,SoldFast
1353,2814,SoldFast,SoldFast
1354,2815,SoldFast,SoldFast
1355,2816,SoldFast,SoldFast
1356,2817,SoldFast,SoldFast
1357,2818,SoldFast,SoldSlow
1358,2819,SoldFast,SoldSlow
1359,2820,SoldFast,SoldFast
1360,2821,SoldFast,SoldSlow
1361,2822,SoldFast,SoldSlow
1362,2823,SoldFast,SoldSlow
1363,2824,SoldFast,SoldSlow
1364,2825,SoldFast,SoldFast
1365,2826,SoldFast,SoldSlow
1366,2827,SoldFast,SoldSlow
1367,2828,SoldFast,SoldSlow
1368,2829,SoldFast,SoldFast
1369,2830,SoldFast,SoldSlow
1370,2831,SoldFast,SoldFast
1371,2832,SoldFast,SoldFast
1372,2833,SoldFast,SoldFast
1373,2834,SoldFast,SoldSlow
1374,2835,SoldFast,SoldFast
1375,2836,SoldFast,SoldSlow
1376,2837,SoldFast,SoldFast
1377,2838,SoldFast,SoldFast
1378,2839,SoldFast,SoldSlow
1379,2840,SoldFast,SoldFast
1380,2841,SoldFast,SoldFast
1381,2842,SoldFast,SoldSlow
1382,2843,SoldFast,SoldSlow
1383,2844,SoldFast,SoldSlow
1384,2845,SoldFast,SoldFast
1385,2846,SoldFast,SoldSlow
1386,2847,SoldFast,SoldSlow
1387,2848,SoldFast,SoldFast
1388,2849,SoldFast,SoldSlow
1389,2850,SoldFast,SoldSlow
1390,2851,SoldFast,SoldSlow
1391,2852,SoldFast,SoldSlow
1392,2853,SoldFast,SoldSlow
1393,2854,SoldFast,SoldFast
1394,2855,SoldFast,SoldFast
1395,2856,SoldFast,SoldSlow
1396,2857,SoldFast,SoldFast
1397,2858,SoldFast,SoldFast
1398,2859,SoldFast,SoldSlow
1399,2860,SoldFast,SoldSlow
1400,2861,SoldFast,SoldFast
1401,2862,SoldFast,SoldSlow
1402,2863,SoldFast,SoldFast
1403,2864,SoldFast,SoldSlow
1404,2865,SoldFast,SoldSlow
1405,2866,SoldFast,SoldSlow
1406,2867,SoldFast,SoldSlow
1407,2868,SoldFast,SoldSlow
1408,2869,SoldFast,SoldSlow
1409,2870,SoldFast,SoldSlow
1410,2871,SoldFast,SoldSlow
1411,2872,SoldFast,SoldSlow
1412,2873,SoldFast,SoldSlow
1413,2874,SoldFast,SoldSlow
1414,2875,SoldFast,SoldSlow
1415,2876,SoldFast,SoldSlow
1416,2877,SoldFast,SoldSlow
1417,2878,SoldFast,SoldFast
1418,2879,SoldFast,SoldSlow
1419,2880,SoldFast,SoldSlow
1420,2881,SoldFast,SoldSlow
1421,2882,SoldFast,SoldSlow
1422,2883,SoldFast,SoldSlow
1423,2884,SoldFast,SoldSlow
1424,2885,SoldFast,SoldSlow
1425,2886,SoldFast,SoldSlow
1426,2887,SoldFast,SoldSlow
1427,2888,SoldFast,SoldSlow
1428,2889,SoldFast,SoldSlow
1429,2890,SoldFast,SoldSlow
1430,2891,SoldFast,SoldSlow
1431,2892,SoldFast,SoldSlow
1432,2893,SoldFast,SoldSlow
1433,2894,SoldFast,SoldSlow
1434,2895,SoldFast,SoldFast
1435,2896,SoldFast,SoldFast
1436,2897,SoldFast,SoldFast
1437,2898,SoldFast,SoldFast
1438,2899,SoldFast,SoldFast
1439,2900,SoldFast,SoldFast
1440,2901,SoldFast,SoldFast
1441,2902,SoldFast,SoldFast
1442,2903,SoldFast,SoldFast
1443,2904,SoldFast,SoldFast
1444,2905,SoldFast,SoldSlow
1445,2906,SoldFast,SoldFast
1446,2907,SoldFast,SoldSlow
1447,2908,SoldFast,SoldFast
1448,2909,SoldFast,SoldFast
1449,2910,SoldFast,SoldSlow
1450,2911,SoldFast,SoldSlow
1451,2912,SoldFast,SoldFast
1452,2913,SoldFast,SoldSlow
1453,2914,SoldFast,SoldSlow
1454,2915,SoldFast,SoldSlow
1455,2916,SoldFast,SoldSlow
1456,2917,SoldFast,SoldSlow
1457,2918,SoldFast,SoldSlow
1458,2919,SoldFast,SoldSlow
